TWEETS,ANALYSIS,FAVS,RTS,DATE,,,,,,,,,,,,,,,,,,,,,,,,,,,,
"RT @mattaaron: Latest Humans of Bitcoin podcast. Learn about ecommerce and crypto for the travel industry with Matt of @travalacom. Lis___","Sentiment(polarity=0.5, subjectivity=0.9)",0,11,7/16/19 13:38,,,,,,,,,,,,,,,,,,,,,,,,,,,,
RT @proofofsteph: That___s why I think sending free bitcoins to nocoiners is a waste! Cashing out now to buy a kitchen lol it literally could___,"Sentiment(polarity=0.3166666666666667, subjectivity=0.5)",0,5,7/16/19 13:38,,,,,,,,,,,,,,,,,,,,,,,,,,,,
#Crypto #Blockchain #SWACE ‚_#SWACETOKEN #ether #ethereum #bitcoin #cryptocurrency #IEO https://t.co/kTanVelfeA,"Sentiment(polarity=0.0, subjectivity=0.0)",0,0,7/16/19 13:38,,,,,,,,,,,,,,,,,,,,,,,,,,,,
RT @BankXRP: U.K. Chancellor of the Exchequer Philip Hammond explains why governments are so worried about Facebook's Libra $FB #btc #bitco___,"Sentiment(polarity=0.0, subjectivity=0.0)",0,52,7/16/19 13:38,,,,,,,,,,,,,,,,,,,,,,,,,,,,
it also gotta be able to sync its body with other computers so I can hack cash and bitcoin ATMs,"Sentiment(polarity=0.1875, subjectivity=0.5)",0,0,7/16/19 13:38,,,,,,,,,,,,,,,,,,,,,,,,,,,,
"RT @Crypto_Core: My god, may as well be a speech on #Bitcoin. https://t.co/JIx04daUcM","Sentiment(polarity=0.0, subjectivity=0.0)",0,861,7/16/19 13:38,,,,,,,,,,,,,,,,,,,,,,,,,,,,
"Libra; they can crushBitcoin; they can't crush","Sentiment(polarity=0.0, subjectivity=0.0)",0,0,7/16/19 13:38,,,,,,,,,,,,,,,,,,,,,,,,,,,,
"RT @PompousLL: Thanks to bitcoin, I___m back at McDonald___s and the wassie is in the deep fryer #bearmarkettings https://t.co/GSPxooucPW","Sentiment(polarity=0.06666666666666667, subjectivity=0.20000000000000004)",0,2,7/16/19 13:38,,,,,,,,,,,,,,,,,,,,,,,,,,,,
"Keeping up with Bitcoin is a full time job. Not a 9-5, but a 24/7 obsession.","Sentiment(polarity=0.35, subjectivity=0.55)",0,0,7/16/19 13:38,,,,,,,,,,,,,,,,,,,,,,,,,,,,
"7/16/2019Bitcoin's price has been sitting around 10,000$ the past few weeks. First prediction is that Bitcoin wil___ https://t.co/2BeFxV1L5c","Sentiment(polarity=-0.06666666666666667, subjectivity=0.22777777777777777)",0,0,7/16/19 13:38,,,,,,,,,,,,,,,,,,,,,,,,,,,,
"RT @DJKhaledCrypto: BTCD just got rejected at the resistance, under 69 right now.Some hopium for $ALTS, as $XRP makes it's first move up.___","Sentiment(polarity=0.26785714285714285, subjectivity=0.43452380952380953)",0,1,7/16/19 13:38,,,,,,,,,,,,,,,,,,,,,,,,,,,,
"@binarydreaming @melikmanukyan LOL the air is EVEN THINNER today#bitcoin","Sentiment(polarity=0.8, subjectivity=0.7)",0,0,7/16/19 13:38,,,,,,,,,,,,,,,,,,,,,,,,,,,,
"RT @Reuters: Bitcoin falls below $10,000 after Facebook grilled on crypto plans https://t.co/VE6KnXjw8P https://t.co/T4IwONzIob","Sentiment(polarity=0.0, subjectivity=0.0)",0,26,7/16/19 13:38,,,,,,,,,,,,,,,,,,,,,,,,,,,,
"@CryptoBora Altlar dê_Å_mez dedim ve dedikê_e dê_Å_tê_. ..artæ±k bu kadar dê_Å_mez dedim yine dê_Å_tê_.Ard arda dê_Å_ê_rmezler d___ https://t.co/x5SPuHEPF9","Sentiment(polarity=0.0, subjectivity=0.0)",0,0,7/16/19 13:38,,,,,,,,,,,,,,,,,,,,,,,,,,,,
"BlockSafe Technologies Inc., has developed products that secure the blockchainecosystem (wallets, exchanges and pr___ https://t.co/lR3EWQvSIB","Sentiment(polarity=0.25, subjectivity=0.44999999999999996)",0,0,7/16/19 13:38,,,,,,,,,,,,,,,,,,,,,,,,,,,,
"Bitcoin slid below $10,000 as U.S. legislators expressed deep skepticism about the viability of cryptocurrencies https://t.co/MDrwgaAbgv","Sentiment(polarity=0.0, subjectivity=0.4)",0,1,7/16/19 13:43,,,,,,,,,,,,,,,,,,,,,,,,,,,,
"Love doing these bitcoin supersets at the end of a sesh, not only does it fortify you, but you jettison the passengers.","Sentiment(polarity=0.25, subjectivity=0.8)",0,0,7/16/19 13:43,,,,,,,,,,,,,,,,,,,,,,,,,,,,
Bitcoin And Crypto Suddenly Branded A 'National Security Issue' https://t.co/xUeIIYkaoY,"Sentiment(polarity=0.0, subjectivity=0.5)",0,0,7/16/19 13:43,,,,,,,,,,,,,,,,,,,,,,,,,,,,
"RT @KevinLWalker: Bitcoin is like Goldhttps://t.co/ma1yRDoP0h","Sentiment(polarity=0.0, subjectivity=0.0)",0,29,7/16/19 13:43,,,,,,,,,,,,,,,,,,,,,,,,,,,,
"RT @APompliano: Bitcoin went from the basements and black markets to the Federal Reserve, Treasury, and White House in just 10 years.We c_Ê_","Sentiment(polarity=-0.08333333333333333, subjectivity=0.21666666666666667)",0,224,7/16/19 13:43,,,,,,,,,,,,,,,,,,,,,,,,,,,,
RT @GemCrypto: Why the whole banking system is a scam.  Filmed nearly 5 years ago!! Let's share these videos so that the transition is smoo_Ê_,"Sentiment(polarity=0.178125, subjectivity=0.4)",0,1732,7/16/19 13:43,,,,,,,,,,,,,,,,,,,,,,,,,,,,
"RT @koinmedya_: IMF'den beklenmedik ê_ ±k ±Å_: ""Kripto paralar geleneksel para tê_rlerini dê_nê_Å_tê_rebilir"" https://t.co/kGEBaWaVMi #btc #bitcoin_Ê_","Sentiment(polarity=0.0, subjectivity=0.0)",0,2,7/16/19 13:43,,,,,,,,,,,,,,,,,,,,,,,,,,,,
"The Company has anagreement to list the token ona SEC compliant exchange. #BlockSafe #BSAFE #STO #bitcoin #btc and #cryptocurrency","Sentiment(polarity=-0.1, subjectivity=0.6)",0,0,7/16/19 13:43,,,,,,,,,,,,,,,,,,,,,,,,,,,,
My analysis on why Bitcoin is going to $80K https://t.co/JF0TP6SVVX,"Sentiment(polarity=0.0, subjectivity=0.0)",0,0,7/16/19 13:43,,,,,,,,,,,,,,,,,,,,,,,,,,,,
"RT @damskotrades: Bitcoin dominanceTook out the target and closed below. Daily from today took the highs and looks like it wants to clo_Ê_","Sentiment(polarity=0.03333333333333333, subjectivity=0.06666666666666667)",0,1,7/16/19 13:43,,,,,,,,,,,,,,,,,,,,,,,,,,,,
Thanks MDMIZANUR RAHMAN for following me! Tell your friends.. #bitcoin and #ethereum in the house! Follow our compa_Ê_ https://t.co/lbVH3WP7zH,"Sentiment(polarity=0.1, subjectivity=0.15000000000000002)",0,0,7/16/19 13:43,,,,,,,,,,,,,,,,,,,,,,,,,,,,
"@scottmelker #BTCUSD Logical place to bounce from here but could get one more swoop down to shake early longs.Fun_Ê_ https://t.co/2KEMKgqBFz","Sentiment(polarity=0.1736111111111111, subjectivity=0.33472222222222225)",0,0,7/16/19 13:43,,,,,,,,,,,,,,,,,,,,,,,,,,,,
"RT @whale_alert: 800 #BTC (7,813,860 USD) transferred from unknown wallet to #BitstampTx: https://t.co/q3RXw1t96I","Sentiment(polarity=-0.1, subjectivity=0.6)",0,1,7/16/19 13:43,,,,,,,,,,,,,,,,,,,,,,,,,,,,
"Bitcoin falls back below $10,000, losing a fourth of its value in a week https://t.co/WCk21OeHcm","Sentiment(polarity=0.0, subjectivity=0.0)",0,0,7/16/19 0:00,,,,,,,,,,,,,,,,,,,,,,,,,,,,
"@Poloniex @Tronfoundation How to get rid of all the USDT you printed to buy Bitcoin?? ... you airdrop them as a ""gift"" - genius! _éä_","Sentiment(polarity=0.0, subjectivity=0.0)",0,0,7/16/19 14:38,,,,,,,,,,,,,,,,,,,,,,,,,,,,
"RT @APompliano: Bitcoin went from the basements and black markets to the Federal Reserve, Treasury, and White House in just 10 years.We c_‹_","Sentiment(polarity=-0.08333333333333333, subjectivity=0.21666666666666667)",0,287,7/16/19 14:38,,,,,,,,,,,,,,,,,,,,,,,,,,,,
Merhaba ê_ncelikle belirtmeliyim 2021 son ê_eyrekte bitcoin 300.000 $ olmasã±nã± bekleyen ve hedefleyen birisi olarak y_‹_ https://t.co/2IVoRqJ1ab,"Sentiment(polarity=0.0, subjectivity=0.0)",0,0,7/16/19 14:38,,,,,,,,,,,,,,,,,,,,,,,,,,,,
"RT @rahulsood: @barrysilbert 1 ton of gold is worth around 63 million USD right now, I could carry 63 million worth of Bitcoin on a piece o_‹_","Sentiment(polarity=0.29523809523809524, subjectivity=0.24523809523809523)",0,4,7/16/19 14:38,,,,,,,,,,,,,,,,,,,,,,,,,,,,
RT @ChartsBtc: You are here #Bitcoin https://t.co/Rv6GaTsCuZ,"Sentiment(polarity=0.0, subjectivity=0.0)",0,7,7/16/19 14:38,,,,,,,,,,,,,,,,,,,,,,,,,,,,
_é_‹ El bitcoin traerêç consecuencias devastadoras para el planeta en menos de 2 dê©cadas https://t.co/bsV9JVclJN,"Sentiment(polarity=0.0, subjectivity=0.0)",0,0,7/16/19 14:38,,,,,,,,,,,,,,,,,,,,,,,,,,,,
"RT @KevinLWalker: Bitcoin is like Goldhttps://t.co/ma1yRDoP0h","Sentiment(polarity=0.0, subjectivity=0.0)",0,28,7/16/19 14:38,,,,,,,,,,,,,,,,,,,,,,,,,,,,
"RT @_unwriter: This is really cool.Pay $1 with @money_button to set up a worker bot that auto-replicates your @twetchapp Bitcoin Mainnet_‹_","Sentiment(polarity=0.35, subjectivity=0.65)",0,27,7/16/19 14:38,,,,,,,,,,,,,,,,,,,,,,,,,,,,
"RT @NeedBucksNow: https://t.co/4IuPEuKeh1 I_‹_ve made $272 today! Click and join for $25 free! Get paid for sharing with check, paypal, casha_‹_","Sentiment(polarity=0.5, subjectivity=0.8)",0,4,7/16/19 14:38,,,,,,,,,,,,,,,,,,,,,,,,,,,,
"Mrs Jane McGrath_‹_s invested in bitcoin and was able pay off her debt.Invest in bitcoin today! https://t.co/vDBknmYC6M","Sentiment(polarity=0.625, subjectivity=0.625)",0,0,7/16/19 14:38,,,,,,,,,,,,,,,,,,,,,,,,,,,,
@cdtswa @BobLoukas It_‹_s just going to take longer to convince them of it because they haven_‹_t seen inflation of the_‹_ https://t.co/LU8xtiKSeL,"Sentiment(polarity=0.0, subjectivity=0.0)",0,0,7/16/19 14:38,,,,,,,,,,,,,,,,,,,,,,,,,,,,
"This guy is right tho https://t.co/NT7JGKLCt6","Sentiment(polarity=0.2857142857142857, subjectivity=0.5357142857142857)",0,0,7/16/19 14:38,,,,,,,,,,,,,,,,,,,,,,,,,,,,
Ethereum's Vitalik Buterin Explores Integration With Bitcoin Cash https://t.co/zzVvd9LP2E,"Sentiment(polarity=0.0, subjectivity=0.0)",0,0,7/16/19 14:38,,,,,,,,,,,,,,,,,,,,,,,,,,,,
US Rep. Kevin McCarthy Praises Bitcoin while Criticizing Libra CRYPTO CRYPTO NEWS - https://t.co/tHD4sNXY8Y,"Sentiment(polarity=0.0, subjectivity=0.0)",0,0,7/16/19 14:38,,,,,,,,,,,,,,,,,,,,,,,,,,,,
"@Poloniex @Tronfoundation How to get rid of all the USDT you printed to buy Bitcoin?? ... you airdrop them as a ""gift"" - genius! _éä_","Sentiment(polarity=0.0, subjectivity=0.0)",0,0,7/16/19 14:38,,,,,,,,,,,,,,,,,,,,,,,,,,,,
"RT @APompliano: Bitcoin went from the basements and black markets to the Federal Reserve, Treasury, and White House in just 10 years.We c_‹_","Sentiment(polarity=-0.08333333333333333, subjectivity=0.21666666666666667)",0,287,7/16/19 14:38,,,,,,,,,,,,,,,,,,,,,,,,,,,,
Merhaba ê_ncelikle belirtmeliyim 2021 son ê_eyrekte bitcoin 300.000 $ olmasã±nã± bekleyen ve hedefleyen birisi olarak y_‹_ https://t.co/2IVoRqJ1ab,"Sentiment(polarity=0.0, subjectivity=0.0)",0,0,7/16/19 14:38,,,,,,,,,,,,,,,,,,,,,,,,,,,,
"RT @rahulsood: @barrysilbert 1 ton of gold is worth around 63 million USD right now, I could carry 63 million worth of Bitcoin on a piece o_‹_","Sentiment(polarity=0.29523809523809524, subjectivity=0.24523809523809523)",0,4,7/16/19 14:38,,,,,,,,,,,,,,,,,,,,,,,,,,,,
RT @ChartsBtc: You are here #Bitcoin https://t.co/Rv6GaTsCuZ,"Sentiment(polarity=0.0, subjectivity=0.0)",0,7,7/16/19 14:38,,,,,,,,,,,,,,,,,,,,,,,,,,,,
_é_‹ El bitcoin traerêç consecuencias devastadoras para el planeta en menos de 2 dê©cadas https://t.co/bsV9JVclJN,"Sentiment(polarity=0.0, subjectivity=0.0)",0,0,7/16/19 14:38,,,,,,,,,,,,,,,,,,,,,,,,,,,,
"RT @KevinLWalker: Bitcoin is like Goldhttps://t.co/ma1yRDoP0h","Sentiment(polarity=0.0, subjectivity=0.0)",0,28,7/16/19 14:38,,,,,,,,,,,,,,,,,,,,,,,,,,,,
"RT @_unwriter: This is really cool.Pay $1 with @money_button to set up a worker bot that auto-replicates your @twetchapp Bitcoin Mainnet_‹_","Sentiment(polarity=0.35, subjectivity=0.65)",0,27,7/16/19 14:38,,,,,,,,,,,,,,,,,,,,,,,,,,,,
"RT @NeedBucksNow: https://t.co/4IuPEuKeh1 I_‹_ve made $272 today! Click and join for $25 free! Get paid for sharing with check, paypal, casha_‹_","Sentiment(polarity=0.5, subjectivity=0.8)",0,4,7/16/19 14:38,,,,,,,,,,,,,,,,,,,,,,,,,,,,
"Mrs Jane McGrath_‹_s invested in bitcoin and was able pay off her debt.Invest in bitcoin today! https://t.co/vDBknmYC6M","Sentiment(polarity=0.625, subjectivity=0.625)",0,0,7/16/19 14:38,,,,,,,,,,,,,,,,,,,,,,,,,,,,
@cdtswa @BobLoukas It_‹_s just going to take longer to convince them of it because they haven_‹_t seen inflation of the_‹_ https://t.co/LU8xtiKSeL,"Sentiment(polarity=0.0, subjectivity=0.0)",0,0,7/16/19 14:38,,,,,,,,,,,,,,,,,,,,,,,,,,,,
"This guy is right tho https://t.co/NT7JGKLCt6","Sentiment(polarity=0.2857142857142857, subjectivity=0.5357142857142857)",0,0,7/16/19 14:38,,,,,,,,,,,,,,,,,,,,,,,,,,,,
Ethereum's Vitalik Buterin Explores Integration With Bitcoin Cash https://t.co/zzVvd9LP2E,"Sentiment(polarity=0.0, subjectivity=0.0)",0,0,7/16/19 14:38,,,,,,,,,,,,,,,,,,,,,,,,,,,,
US Rep. Kevin McCarthy Praises Bitcoin while Criticizing Libra CRYPTO CRYPTO NEWS - https://t.co/tHD4sNXY8Y,"Sentiment(polarity=0.0, subjectivity=0.0)",0,0,7/16/19 14:38,,,,,,,,,,,,,,,,,,,,,,,,,,,,
"@Poloniex @Tronfoundation How to get rid of all the USDT you printed to buy Bitcoin?? ... you airdrop them as a ""gift"" - genius! _éä_","Sentiment(polarity=0.0, subjectivity=0.0)",0,0,7/16/19 14:38,,,,,,,,,,,,,,,,,,,,,,,,,,,,
"RT @APompliano: Bitcoin went from the basements and black markets to the Federal Reserve, Treasury, and White House in just 10 years.We c_‹_","Sentiment(polarity=-0.08333333333333333, subjectivity=0.21666666666666667)",0,287,7/16/19 14:38,,,,,,,,,,,,,,,,,,,,,,,,,,,,
Merhaba ê_ncelikle belirtmeliyim 2021 son ê_eyrekte bitcoin 300.000 $ olmasã±nã± bekleyen ve hedefleyen birisi olarak y_‹_ https://t.co/2IVoRqJ1ab,"Sentiment(polarity=0.0, subjectivity=0.0)",0,0,7/16/19 14:38,,,,,,,,,,,,,,,,,,,,,,,,,,,,
"RT @rahulsood: @barrysilbert 1 ton of gold is worth around 63 million USD right now, I could carry 63 million worth of Bitcoin on a piece o_‹_","Sentiment(polarity=0.29523809523809524, subjectivity=0.24523809523809523)",0,4,7/16/19 14:38,,,,,,,,,,,,,,,,,,,,,,,,,,,,
RT @ChartsBtc: You are here #Bitcoin https://t.co/Rv6GaTsCuZ,"Sentiment(polarity=0.0, subjectivity=0.0)",0,7,7/16/19 14:38,,,,,,,,,,,,,,,,,,,,,,,,,,,,
_é_‹ El bitcoin traerêç consecuencias devastadoras para el planeta en menos de 2 dê©cadas https://t.co/bsV9JVclJN,"Sentiment(polarity=0.0, subjectivity=0.0)",0,0,7/16/19 14:38,,,,,,,,,,,,,,,,,,,,,,,,,,,,
"RT @KevinLWalker: Bitcoin is like Goldhttps://t.co/ma1yRDoP0h","Sentiment(polarity=0.0, subjectivity=0.0)",0,28,7/16/19 14:38,,,,,,,,,,,,,,,,,,,,,,,,,,,,
"RT @_unwriter: This is really cool.Pay $1 with @money_button to set up a worker bot that auto-replicates your @twetchapp Bitcoin Mainnet_‹_","Sentiment(polarity=0.35, subjectivity=0.65)",0,27,7/16/19 14:38,,,,,,,,,,,,,,,,,,,,,,,,,,,,
"RT @NeedBucksNow: https://t.co/4IuPEuKeh1 I_‹_ve made $272 today! Click and join for $25 free! Get paid for sharing with check, paypal, casha_‹_","Sentiment(polarity=0.5, subjectivity=0.8)",0,4,7/16/19 14:38,,,,,,,,,,,,,,,,,,,,,,,,,,,,
"Mrs Jane McGrath_‹_s invested in bitcoin and was able pay off her debt.Invest in bitcoin today! https://t.co/vDBknmYC6M","Sentiment(polarity=0.625, subjectivity=0.625)",0,0,7/16/19 14:38,,,,,,,,,,,,,,,,,,,,,,,,,,,,
@cdtswa @BobLoukas It_‹_s just going to take longer to convince them of it because they haven_‹_t seen inflation of the_‹_ https://t.co/LU8xtiKSeL,"Sentiment(polarity=0.0, subjectivity=0.0)",0,0,7/16/19 14:38,,,,,,,,,,,,,,,,,,,,,,,,,,,,
"This guy is right tho https://t.co/NT7JGKLCt6","Sentiment(polarity=0.2857142857142857, subjectivity=0.5357142857142857)",0,0,7/16/19 14:38,,,,,,,,,,,,,,,,,,,,,,,,,,,,
Ethereum's Vitalik Buterin Explores Integration With Bitcoin Cash https://t.co/zzVvd9LP2E,"Sentiment(polarity=0.0, subjectivity=0.0)",0,0,7/16/19 14:38,,,,,,,,,,,,,,,,,,,,,,,,,,,,
US Rep. Kevin McCarthy Praises Bitcoin while Criticizing Libra CRYPTO CRYPTO NEWS - https://t.co/tHD4sNXY8Y,"Sentiment(polarity=0.0, subjectivity=0.0)",0,0,7/16/19 14:38,,,,,,,,,,,,,,,,,,,,,,,,,,,,
Watch: Facebook_ã_s Crypto Chief Suffers Brutal Senate Backlash https://t.co/Z54mRHzPS1  #XBT #BTC #Bitcoin,"Sentiment(polarity=-0.7375, subjectivity=0.85)",0,0,7/16/19 14:40,,,,,,,,,,,,,,,,,,,,,,,,,,,,
"Tomorrow's Peercoin(PPC) forecast is        ___UP 0% ___DOWN 0%#Peercoin, #PPCBitcoin Forecast (iOS)_ã_ https://t.co/mISowq6jGU","Sentiment(polarity=0.0, subjectivity=0.0)",0,0,7/16/19 14:40,,,,,,,,,,,,,,,,,,,,,,,,,,,,
"Top 5 #cryptocurrencies  Alert Time: 2019-07-17 00:40:02#Bitcoin: $9,626.937#Ethereum: $203.771#XRP: $0.300_ã_ https://t.co/m7u6YgCs7a","Sentiment(polarity=0.5, subjectivity=0.5)",0,0,7/16/19 14:40,,,,,,,,,,,,,,,,,,,,,,,,,,,,
MercadoBitcoin(BTC) =&gt; R$42300 | BlockChain(BTC) =&gt; R$36124 | MercadoBitcoin(LTC) =&gt; R$360 #bitcoin #litecoin,"Sentiment(polarity=0.0, subjectivity=0.0)",0,0,7/16/19 14:40,,,,,,,,,,,,,,,,,,,,,,,,,,,,
"RT @dfuhriman: Bitcoin is great. I bought $300 on Coinbase with debit card. Fees only $11.51.Sent to a friend. Coinbase delayed the tra_ã_","Sentiment(polarity=0.4, subjectivity=0.875)",0,60,7/16/19 14:40,,,,,,,,,,,,,,,,,,,,,,,,,,,,
"Bitcoin falls over 11%, tumbling below $10,000 after Libra hearing. Bitcoin investors are concerned that lawmakers'_ã_ https://t.co/CzzG9ygFLq","Sentiment(polarity=0.0, subjectivity=0.0)",0,0,7/16/19 14:40,,,,,,,,,,,,,,,,,,,,,,,,,,,,
O valor do Bitcoin caiu :( - R$37500,"Sentiment(polarity=-0.75, subjectivity=1.0)",0,0,7/16/19 14:40,,,,,,,,,,,,,,,,,,,,,,,,,,,,
"RT @bopinion: ""Trump realizes that his source of his power is the U.S. dollar, if any cryptocurrency, or other currency for that matter, be_ã_","Sentiment(polarity=-0.125, subjectivity=0.375)",0,24,7/16/19 14:40,,,,,,,,,,,,,,,,,,,,,,,,,,,,
@winklevoss The entire world runs on 1's and 0's. Bitcoin is just the next step in the evolution of money and finan_ã_ https://t.co/97kwLbhrHE,"Sentiment(polarity=0.0, subjectivity=0.3125)",0,0,7/16/19 14:40,,,,,,,,,,,,,,,,,,,,,,,,,,,,
"So I had to meet this guy for a business lunch/meeting, nice guy, late 20_ã_s, I end up talking to him about bitcoin_ã_ https://t.co/VULxRkXwJg","Sentiment(polarity=0.15, subjectivity=0.8)",0,0,7/16/19 14:40,,,,,,,,,,,,,,,,,,,,,,,,,,,,
"RT @Rhythmtrader: If you want the truth:Don't ask a banker about bitcoin. _Èè_Don't ask a taxi driver about Uber. _È__Don't ask a hotel o_ã_","Sentiment(polarity=0.0, subjectivity=0.0)",0,163,7/16/19 14:40,,,,,,,,,,,,,,,,,,,,,,,,,,,,
RT @satoshua: Tor Project Bitcoin Donation Fund Raises 65% on First Day _Èêè‚ªè https://t.co/Ns70Kq0vKd,"Sentiment(polarity=0.25, subjectivity=0.3333333333333333)",0,1,7/16/19 14:40,,,,,,,,,,,,,,,,,,,,,,,,,,,,
"RT @xrpforlife: $ren will pump soon$link #crypto $BTC #bitcoin","Sentiment(polarity=0.0, subjectivity=0.0)",0,1,7/16/19 14:40,,,,,,,,,,,,,,,,,,,,,,,,,,,,
"RT @GoonAlerts_: I know I wasn_ã_t suppose to but...Small $200 giveaway. _Èè_Steps: _–”‚ªè Follow @CharlieBoshwit _–”‚ªè Comment your favorite coin_ã_","Sentiment(polarity=0.125, subjectivity=0.7)",0,167,7/16/19 14:40,,,,,,,,,,,,,,,,,,,,,,,,,,,,
"States, eyeing money in abandoned bitcoin, rewrite laws - Roll Call - https://t.co/PT1Eez0Stq https://t.co/eJlILZldD8","Sentiment(polarity=0.0, subjectivity=0.0)",0,0,7/16/19 15:05,,,,,,,,,,,,,,,,,,,,,,,,,,,,
"RT @barrysilbert: 'I like bitcoin,' says House GOP leader McCarthy while bashing Facebook's Libra coin via @CNBC https://t.co/w7F0gay14K","Sentiment(polarity=0.0, subjectivity=0.0)",0,315,7/16/19 15:05,,,,,,,,,,,,,,,,,,,,,,,,,,,,
"@richdlr70 @realDonaldTrump WHAT? plenty of real uses for Bitcoin, don't be ignorant.","Sentiment(polarity=0.2, subjectivity=0.30000000000000004)",0,0,7/16/19 15:05,,,,,,,,,,,,,,,,,,,,,,,,,,,,
"RT @TokenHash: From now on we can be sure that US intelligence agencies and elsewhere will want to plant back doors and bugs in Bitcoin, ET_„_","Sentiment(polarity=0.25, subjectivity=0.4444444444444444)",0,9,7/16/19 15:05,,,,,,,,,,,,,,,,,,,,,,,,,,,,
@ObiObvi Nope the moon went to hell,"Sentiment(polarity=0.0, subjectivity=0.0)",0,0,7/16/19 15:05,,,,,,,,,,,,,,,,,,,,,,,,,,,,
Bitcoin and the aggregated crypto markets have been incurring extreme volatility as of late which has caused many a_„_ https://t.co/QUp4AFkUXX,"Sentiment(polarity=0.025000000000000005, subjectivity=0.7000000000000001)",0,0,7/16/19 15:05,,,,,,,,,,,,,,,,,,,,,,,,,,,,
"RT @JavaScriptFeed: Genesis Mining Clone Script for Bitcoin Mining#javascript #100daysofcode #webdev #webdevelopmenthttps://t.co/Z721CtX_„_","Sentiment(polarity=0.0, subjectivity=0.0)",0,3,7/16/19 15:05,,,,,,,,,,,,,,,,,,,,,,,,,,,,
RT @krugermacro: Bull market corrections are unavoidable and should be welcome. Assets that go too far up too fast tend to crash the hardes_„_,"Sentiment(polarity=0.3666666666666667, subjectivity=0.8333333333333334)",0,29,7/16/19 15:05,,,,,,,,,,,,,,,,,,,,,,,,,,,,
"RT @APompliano: Takeaway from Facebook hearing: BUY BITCOIN","Sentiment(polarity=0.0, subjectivity=0.0)",0,396,7/16/19 15:05,,,,,,,,,,,,,,,,,,,,,,,,,,,,
"RT @p2pb2b: Bitcoin Cloud is listed on p2pb2bRead more: https://t.co/fEWlONgEZaBCL is a Bitcoin fork coin. @Bitcoin_Cloud is an experime_„_","Sentiment(polarity=0.5, subjectivity=0.5)",0,126,7/16/19 15:05,,,,,,,,,,,,,,,,,,,,,,,,,,,,
when i see #bitcoin dropping but have to wait for payday https://t.co/8oUN5L4m5u #btc https://t.co/X86Re5XS5p,"Sentiment(polarity=0.0, subjectivity=0.0)",0,0,7/16/19 15:05,,,,,,,,,,,,,,,,,,,,,,,,,,,,
"RT @saifedean: FTFY: ""Bitcoin's 100th bubble will end just like the first 99, higher than where it started, proving that the real greater f_„_","Sentiment(polarity=0.4166666666666667, subjectivity=0.5277777777777778)",0,99,7/16/19 15:05,,,,,,,,,,,,,,,,,,,,,,,,,,,,
"States, eyeing money in abandoned bitcoin, rewrite laws - Roll Call - https://t.co/PT1Eez0Stq https://t.co/eJlILZldD8","Sentiment(polarity=0.0, subjectivity=0.0)",0,0,7/16/19 15:05,,,,,,,,,,,,,,,,,,,,,,,,,,,,
"RT @barrysilbert: 'I like bitcoin,' says House GOP leader McCarthy while bashing Facebook's Libra coin via @CNBC https://t.co/w7F0gay14K","Sentiment(polarity=0.0, subjectivity=0.0)",0,315,7/16/19 15:05,,,,,,,,,,,,,,,,,,,,,,,,,,,,
"@richdlr70 @realDonaldTrump WHAT? plenty of real uses for Bitcoin, don't be ignorant.","Sentiment(polarity=0.2, subjectivity=0.30000000000000004)",0,0,7/16/19 15:05,,,,,,,,,,,,,,,,,,,,,,,,,,,,
"RT @TokenHash: From now on we can be sure that US intelligence agencies and elsewhere will want to plant back doors and bugs in Bitcoin, ET_„_","Sentiment(polarity=0.25, subjectivity=0.4444444444444444)",0,9,7/16/19 15:05,,,,,,,,,,,,,,,,,,,,,,,,,,,,
@ObiObvi Nope the moon went to hell,"Sentiment(polarity=0.0, subjectivity=0.0)",0,0,7/16/19 15:05,,,,,,,,,,,,,,,,,,,,,,,,,,,,
Bitcoin and the aggregated crypto markets have been incurring extreme volatility as of late which has caused many a_„_ https://t.co/QUp4AFkUXX,"Sentiment(polarity=0.025000000000000005, subjectivity=0.7000000000000001)",0,0,7/16/19 15:05,,,,,,,,,,,,,,,,,,,,,,,,,,,,
"RT @JavaScriptFeed: Genesis Mining Clone Script for Bitcoin Mining#javascript #100daysofcode #webdev #webdevelopmenthttps://t.co/Z721CtX_„_","Sentiment(polarity=0.0, subjectivity=0.0)",0,3,7/16/19 15:05,,,,,,,,,,,,,,,,,,,,,,,,,,,,
RT @krugermacro: Bull market corrections are unavoidable and should be welcome. Assets that go too far up too fast tend to crash the hardes_„_,"Sentiment(polarity=0.3666666666666667, subjectivity=0.8333333333333334)",0,29,7/16/19 15:05,,,,,,,,,,,,,,,,,,,,,,,,,,,,
"RT @APompliano: Takeaway from Facebook hearing: BUY BITCOIN","Sentiment(polarity=0.0, subjectivity=0.0)",0,396,7/16/19 15:05,,,,,,,,,,,,,,,,,,,,,,,,,,,,
"RT @p2pb2b: Bitcoin Cloud is listed on p2pb2bRead more: https://t.co/fEWlONgEZaBCL is a Bitcoin fork coin. @Bitcoin_Cloud is an experime_„_","Sentiment(polarity=0.5, subjectivity=0.5)",0,126,7/16/19 15:05,,,,,,,,,,,,,,,,,,,,,,,,,,,,
when i see #bitcoin dropping but have to wait for payday https://t.co/8oUN5L4m5u #btc https://t.co/X86Re5XS5p,"Sentiment(polarity=0.0, subjectivity=0.0)",0,0,7/16/19 15:05,,,,,,,,,,,,,,,,,,,,,,,,,,,,
"RT @saifedean: FTFY: ""Bitcoin's 100th bubble will end just like the first 99, higher than where it started, proving that the real greater f_„_","Sentiment(polarity=0.4166666666666667, subjectivity=0.5277777777777778)",0,99,7/16/19 15:05,,,,,,,,,,,,,,,,,,,,,,,,,,,,
"States, eyeing money in abandoned bitcoin, rewrite laws - Roll Call - https://t.co/PT1Eez0Stq https://t.co/eJlILZldD8","Sentiment(polarity=0.0, subjectivity=0.0)",0,0,7/16/19 15:05,,,,,,,,,,,,,,,,,,,,,,,,,,,,
"RT @barrysilbert: 'I like bitcoin,' says House GOP leader McCarthy while bashing Facebook's Libra coin via @CNBC https://t.co/w7F0gay14K","Sentiment(polarity=0.0, subjectivity=0.0)",0,315,7/16/19 15:05,,,,,,,,,,,,,,,,,,,,,,,,,,,,
"@richdlr70 @realDonaldTrump WHAT? plenty of real uses for Bitcoin, don't be ignorant.","Sentiment(polarity=0.2, subjectivity=0.30000000000000004)",0,0,7/16/19 15:05,,,,,,,,,,,,,,,,,,,,,,,,,,,,
"RT @TokenHash: From now on we can be sure that US intelligence agencies and elsewhere will want to plant back doors and bugs in Bitcoin, ET_„_","Sentiment(polarity=0.25, subjectivity=0.4444444444444444)",0,9,7/16/19 15:05,,,,,,,,,,,,,,,,,,,,,,,,,,,,
@ObiObvi Nope the moon went to hell,"Sentiment(polarity=0.0, subjectivity=0.0)",0,0,7/16/19 15:05,,,,,,,,,,,,,,,,,,,,,,,,,,,,
Bitcoin and the aggregated crypto markets have been incurring extreme volatility as of late which has caused many a_„_ https://t.co/QUp4AFkUXX,"Sentiment(polarity=0.025000000000000005, subjectivity=0.7000000000000001)",0,0,7/16/19 15:05,,,,,,,,,,,,,,,,,,,,,,,,,,,,
"RT @JavaScriptFeed: Genesis Mining Clone Script for Bitcoin Mining#javascript #100daysofcode #webdev #webdevelopmenthttps://t.co/Z721CtX_„_","Sentiment(polarity=0.0, subjectivity=0.0)",0,3,7/16/19 15:05,,,,,,,,,,,,,,,,,,,,,,,,,,,,
RT @krugermacro: Bull market corrections are unavoidable and should be welcome. Assets that go too far up too fast tend to crash the hardes_„_,"Sentiment(polarity=0.3666666666666667, subjectivity=0.8333333333333334)",0,29,7/16/19 15:05,,,,,,,,,,,,,,,,,,,,,,,,,,,,
"RT @APompliano: Takeaway from Facebook hearing: BUY BITCOIN","Sentiment(polarity=0.0, subjectivity=0.0)",0,396,7/16/19 15:05,,,,,,,,,,,,,,,,,,,,,,,,,,,,
"RT @p2pb2b: Bitcoin Cloud is listed on p2pb2bRead more: https://t.co/fEWlONgEZaBCL is a Bitcoin fork coin. @Bitcoin_Cloud is an experime_„_","Sentiment(polarity=0.5, subjectivity=0.5)",0,126,7/16/19 15:05,,,,,,,,,,,,,,,,,,,,,,,,,,,,
when i see #bitcoin dropping but have to wait for payday https://t.co/8oUN5L4m5u #btc https://t.co/X86Re5XS5p,"Sentiment(polarity=0.0, subjectivity=0.0)",0,0,7/16/19 15:05,,,,,,,,,,,,,,,,,,,,,,,,,,,,
"Setup your FREE account!Make money and earn a trip for 2 in Thailand!All NEW premium accounts qualify!link:_Ñ_ https://t.co/TerDzvICjn","Sentiment(polarity=0.3977272727272727, subjectivity=0.6272727272727273)",0,0,7/17/19 10:07,,,,,,,,,,,,,,,,,,,,,,,,,,,,
"RT @cz_binance: So basically, congressmen are: bullish on bitcoin, just not so hot on Libra. Feeling pitiful for the guys who sold yester_Ñ_","Sentiment(polarity=0.25, subjectivity=0.8500000000000001)",0,46,7/17/19 10:07,,,,,,,,,,,,,,,,,,,,,,,,,,,,
"RT @fabthefoxx: #StackingSats is underestimated. It includes so many messages. - that #Bitcoin should be hodled- that it_Ñés divisible -_Ñ_","Sentiment(polarity=0.5, subjectivity=0.5)",0,13,7/17/19 10:07,,,,,,,,,,,,,,,,,,,,,,,,,,,,
"Setup your FREE account!Make money and earn a trip for 2 in Thailand!All NEW premium accounts qualify!link:_Ñ_ https://t.co/2q9Qu8F14j","Sentiment(polarity=0.3977272727272727, subjectivity=0.6272727272727273)",0,0,7/17/19 10:07,,,,,,,,,,,,,,,,,,,,,,,,,,,,
@HamEggsnSam Bitcoin is going to be outlawed I feel in upcoming regs. The mining and trading of at least.,"Sentiment(polarity=-0.3, subjectivity=0.4)",0,0,7/17/19 10:07,,,,,,,,,,,,,,,,,,,,,,,,,,,,
"""You can't kill Bitcoin"" _ª¥ç#btc #cryptomickey  #altcoins#blockchaintechnology #bitcoin #bitcoinprice #Binance_Ñ_ https://t.co/2W7cdPLekQ","Sentiment(polarity=0.0, subjectivity=0.0)",0,0,7/17/19 10:07,,,,,,,,,,,,,,,,,,,,,,,,,,,,
"RT @fintechfrank: NC Congressman Patrick McHenry:""The world that Satoshi Nakamoto, author of the bitcoin white paper, envisioned is an un_Ñ_","Sentiment(polarity=0.0, subjectivity=0.0)",0,232,7/17/19 10:07,,,,,,,,,,,,,,,,,,,,,,,,,,,,
"RT @SquawkCNBC: ""I think there's no capacity to kill bitcoin"" says @PatrickMcHenry #btc https://t.co/DY70tx2TvV","Sentiment(polarity=0.0, subjectivity=0.0)",0,541,7/17/19 10:07,,,,,,,,,,,,,,,,,,,,,,,,,,,,
The Case $7.5K Could Become Bitcoin's New Price Support - CoinDesk https://t.co/grRPRxFHqw https://t.co/7SvuvKsoaL,"Sentiment(polarity=0.13636363636363635, subjectivity=0.45454545454545453)",0,0,7/17/19 10:07,,,,,,,,,,,,,,,,,,,,,,,,,,,,
*NEW* Google Maps List: Bitcoin Restaurants https://t.co/CF3Fspaz4j #btc,"Sentiment(polarity=0.13636363636363635, subjectivity=0.45454545454545453)",0,0,7/17/19 10:07,,,,,,,,,,,,,,,,,,,,,,,,,,,,
"Setup your FREE account!Make money and earn a trip for 2 in Thailand!All NEW premium accounts qualify!link:_Ñ_ https://t.co/XaI52RdwTd","Sentiment(polarity=0.3977272727272727, subjectivity=0.6272727272727273)",0,0,7/17/19 10:07,,,,,,,,,,,,,,,,,,,,,,,,,,,,
" Ñê_ô_çÇÔ Å_è©±_çÔ Åå‘___Åô__å_ó__Ñ_è_Œ óÊ ó‚ ó_ __ Ñ¥Latest Grayscale Report Shows Institutional Bitcoin Investment On The Rise#BTChttps://t.co/EsjSOKGwOu","Sentiment(polarity=0.5, subjectivity=0.9)",0,0,7/17/19 10:07,,,,,,,,,,,,,,,,,,,,,,,,,,,,
"RT @CoinsAirdrops: #Bitcoin #crypto #AirdropNew Airdrop #IOST _ª_¢IOST is airdropping free #IOST to Users Sign Up at their Hub &amp; answers so_Ñ_","Sentiment(polarity=0.2681818181818182, subjectivity=0.6272727272727273)",0,7,7/17/19 10:07,,,,,,,,,,,,,,,,,,,,,,,,,,,,
#bitcoin exact target where we bounce hard to the NORTH for BITSTAMP:BTCUSD by appileh #BTCUSD_Ñ_ https://t.co/kBA8TlcO7v,"Sentiment(polarity=-0.020833333333333343, subjectivity=0.3958333333333333)",0,0,7/17/19 10:07,,,,,,,,,,,,,,,,,,,,,,,,,,,,
"Setup your FREE account!Make money and earn a trip for 2 in Thailand!All NEW premium accounts qualify!link:_Ñ_ https://t.co/TerDzvICjn","Sentiment(polarity=0.3977272727272727, subjectivity=0.6272727272727273)",0,0,7/17/19 10:07,,,,,,,,,,,,,,,,,,,,,,,,,,,,
"RT @cz_binance: So basically, congressmen are: bullish on bitcoin, just not so hot on Libra. Feeling pitiful for the guys who sold yester_Ñ_","Sentiment(polarity=0.25, subjectivity=0.8500000000000001)",0,46,7/17/19 10:07,,,,,,,,,,,,,,,,,,,,,,,,,,,,
"RT @fabthefoxx: #StackingSats is underestimated. It includes so many messages. - that #Bitcoin should be hodled- that it_Ñés divisible -_Ñ_","Sentiment(polarity=0.5, subjectivity=0.5)",0,13,7/17/19 10:07,,,,,,,,,,,,,,,,,,,,,,,,,,,,
"Setup your FREE account!Make money and earn a trip for 2 in Thailand!All NEW premium accounts qualify!link:_Ñ_ https://t.co/2q9Qu8F14j","Sentiment(polarity=0.3977272727272727, subjectivity=0.6272727272727273)",0,0,7/17/19 10:07,,,,,,,,,,,,,,,,,,,,,,,,,,,,
@HamEggsnSam Bitcoin is going to be outlawed I feel in upcoming regs. The mining and trading of at least.,"Sentiment(polarity=-0.3, subjectivity=0.4)",0,0,7/17/19 10:07,,,,,,,,,,,,,,,,,,,,,,,,,,,,
"""You can't kill Bitcoin"" _ª¥ç#btc #cryptomickey  #altcoins#blockchaintechnology #bitcoin #bitcoinprice #Binance_Ñ_ https://t.co/2W7cdPLekQ","Sentiment(polarity=0.0, subjectivity=0.0)",0,0,7/17/19 10:07,,,,,,,,,,,,,,,,,,,,,,,,,,,,
"RT @fintechfrank: NC Congressman Patrick McHenry:""The world that Satoshi Nakamoto, author of the bitcoin white paper, envisioned is an un_Ñ_","Sentiment(polarity=0.0, subjectivity=0.0)",0,232,7/17/19 10:07,,,,,,,,,,,,,,,,,,,,,,,,,,,,
"RT @SquawkCNBC: ""I think there's no capacity to kill bitcoin"" says @PatrickMcHenry #btc https://t.co/DY70tx2TvV","Sentiment(polarity=0.0, subjectivity=0.0)",0,541,7/17/19 10:07,,,,,,,,,,,,,,,,,,,,,,,,,,,,
The Case $7.5K Could Become Bitcoin's New Price Support - CoinDesk https://t.co/grRPRxFHqw https://t.co/7SvuvKsoaL,"Sentiment(polarity=0.13636363636363635, subjectivity=0.45454545454545453)",0,0,7/17/19 10:07,,,,,,,,,,,,,,,,,,,,,,,,,,,,
*NEW* Google Maps List: Bitcoin Restaurants https://t.co/CF3Fspaz4j #btc,"Sentiment(polarity=0.13636363636363635, subjectivity=0.45454545454545453)",0,0,7/17/19 10:07,,,,,,,,,,,,,,,,,,,,,,,,,,,,
"Setup your FREE account!Make money and earn a trip for 2 in Thailand!All NEW premium accounts qualify!link:_Ñ_ https://t.co/XaI52RdwTd","Sentiment(polarity=0.3977272727272727, subjectivity=0.6272727272727273)",0,0,7/17/19 10:07,,,,,,,,,,,,,,,,,,,,,,,,,,,,
" Ñê_ô_çÇÔ Å_è©±_çÔ Åå‘___Åô__å_ó__Ñ_è_Œ óÊ ó‚ ó_ __ Ñ¥Latest Grayscale Report Shows Institutional Bitcoin Investment On The Rise#BTChttps://t.co/EsjSOKGwOu","Sentiment(polarity=0.5, subjectivity=0.9)",0,0,7/17/19 10:07,,,,,,,,,,,,,,,,,,,,,,,,,,,,
"RT @CoinsAirdrops: #Bitcoin #crypto #AirdropNew Airdrop #IOST _ª_¢IOST is airdropping free #IOST to Users Sign Up at their Hub &amp; answers so_Ñ_","Sentiment(polarity=0.2681818181818182, subjectivity=0.6272727272727273)",0,7,7/17/19 10:07,,,,,,,,,,,,,,,,,,,,,,,,,,,,
#bitcoin exact target where we bounce hard to the NORTH for BITSTAMP:BTCUSD by appileh #BTCUSD_Ñ_ https://t.co/kBA8TlcO7v,"Sentiment(polarity=-0.020833333333333343, subjectivity=0.3958333333333333)",0,0,7/17/19 10:07,,,,,,,,,,,,,,,,,,,,,,,,,,,,
"Setup your FREE account!Make money and earn a trip for 2 in Thailand!All NEW premium accounts qualify!link:_Ñ_ https://t.co/TerDzvICjn","Sentiment(polarity=0.3977272727272727, subjectivity=0.6272727272727273)",0,0,7/17/19 10:07,,,,,,,,,,,,,,,,,,,,,,,,,,,,
"RT @cz_binance: So basically, congressmen are: bullish on bitcoin, just not so hot on Libra. Feeling pitiful for the guys who sold yester_Ñ_","Sentiment(polarity=0.25, subjectivity=0.8500000000000001)",0,46,7/17/19 10:07,,,,,,,,,,,,,,,,,,,,,,,,,,,,
"RT @fabthefoxx: #StackingSats is underestimated. It includes so many messages. - that #Bitcoin should be hodled- that it_Ñés divisible -_Ñ_","Sentiment(polarity=0.5, subjectivity=0.5)",0,13,7/17/19 10:07,,,,,,,,,,,,,,,,,,,,,,,,,,,,
"Setup your FREE account!Make money and earn a trip for 2 in Thailand!All NEW premium accounts qualify!link:_Ñ_ https://t.co/2q9Qu8F14j","Sentiment(polarity=0.3977272727272727, subjectivity=0.6272727272727273)",0,0,7/17/19 10:07,,,,,,,,,,,,,,,,,,,,,,,,,,,,
@HamEggsnSam Bitcoin is going to be outlawed I feel in upcoming regs. The mining and trading of at least.,"Sentiment(polarity=-0.3, subjectivity=0.4)",0,0,7/17/19 10:07,,,,,,,,,,,,,,,,,,,,,,,,,,,,
"""You can't kill Bitcoin"" _ª¥ç#btc #cryptomickey  #altcoins#blockchaintechnology #bitcoin #bitcoinprice #Binance_Ñ_ https://t.co/2W7cdPLekQ","Sentiment(polarity=0.0, subjectivity=0.0)",0,0,7/17/19 10:07,,,,,,,,,,,,,,,,,,,,,,,,,,,,
"RT @fintechfrank: NC Congressman Patrick McHenry:""The world that Satoshi Nakamoto, author of the bitcoin white paper, envisioned is an un_Ñ_","Sentiment(polarity=0.0, subjectivity=0.0)",0,232,7/17/19 10:07,,,,,,,,,,,,,,,,,,,,,,,,,,,,
"RT @SquawkCNBC: ""I think there's no capacity to kill bitcoin"" says @PatrickMcHenry #btc https://t.co/DY70tx2TvV","Sentiment(polarity=0.0, subjectivity=0.0)",0,541,7/17/19 10:07,,,,,,,,,,,,,,,,,,,,,,,,,,,,
The Case $7.5K Could Become Bitcoin's New Price Support - CoinDesk https://t.co/grRPRxFHqw https://t.co/7SvuvKsoaL,"Sentiment(polarity=0.13636363636363635, subjectivity=0.45454545454545453)",0,0,7/17/19 10:07,,,,,,,,,,,,,,,,,,,,,,,,,,,,
*NEW* Google Maps List: Bitcoin Restaurants https://t.co/CF3Fspaz4j #btc,"Sentiment(polarity=0.13636363636363635, subjectivity=0.45454545454545453)",0,0,7/17/19 10:07,,,,,,,,,,,,,,,,,,,,,,,,,,,,
"Setup your FREE account!Make money and earn a trip for 2 in Thailand!All NEW premium accounts qualify!link:_Ñ_ https://t.co/XaI52RdwTd","Sentiment(polarity=0.3977272727272727, subjectivity=0.6272727272727273)",0,0,7/17/19 10:07,,,,,,,,,,,,,,,,,,,,,,,,,,,,
" Ñê_ô_çÇÔ Å_è©±_çÔ Åå‘___Åô__å_ó__Ñ_è_Œ óÊ ó‚ ó_ __ Ñ¥Latest Grayscale Report Shows Institutional Bitcoin Investment On The Rise#BTChttps://t.co/EsjSOKGwOu","Sentiment(polarity=0.5, subjectivity=0.9)",0,0,7/17/19 10:07,,,,,,,,,,,,,,,,,,,,,,,,,,,,
"RT @CoinsAirdrops: #Bitcoin #crypto #AirdropNew Airdrop #IOST _ª_¢IOST is airdropping free #IOST to Users Sign Up at their Hub &amp; answers so_Ñ_","Sentiment(polarity=0.2681818181818182, subjectivity=0.6272727272727273)",0,7,7/17/19 10:07,,,,,,,,,,,,,,,,,,,,,,,,,,,,
"@bouchard @business bitcoin solves inflation and the unbanked problems that fiat can not. Small inflation, if onl_—_ https://t.co/5xhTORN1Ty","Sentiment(polarity=0.125, subjectivity=0.4)",0,0,7/17/19 10:10,,,,,,,,,,,,,,,,,,,,,,,,,,,,
"@22centurycrypto Bitcoin as a system competes with the payment industry, does it cheaper and better than they do._—_ https://t.co/MB3ijysnXP","Sentiment(polarity=0.5, subjectivity=0.5)",0,0,7/17/19 10:10,,,,,,,,,,,,,,,,,,,,,,,,,,,,
Aó_LATAN Å_EHóçT SOSYAL DENEYóç TAKSóçCóçLERE (PARAMIZ YOK BóçZóç G’_T’“R’“R M’“S’“N?) https://t.co/TiGL4WyRwK PAYLAÅ_ARAK DESTEK_—_ https://t.co/xs4lIJLb8i,"Sentiment(polarity=0.0, subjectivity=0.0)",0,0,7/17/19 10:10,,,,,,,,,,,,,,,,,,,,,,,,,,,,
@CharlieShrem All of them (secretly) owns Bitcoin.,"Sentiment(polarity=-0.4, subjectivity=0.7)",0,0,7/17/19 10:10,,,,,,,,,,,,,,,,,,,,,,,,,,,,
The Case $7.5K Could Become Bitcoin_—Ès New PriceÎ_Support https://t.co/PgrXIZ1vEX https://t.co/kIrSF463gE,"Sentiment(polarity=0.13636363636363635, subjectivity=0.45454545454545453)",0,0,7/17/19 10:10,,,,,,,,,,,,,,,,,,,,,,,,,,,,
"RT @BTCxZelko: If you aren't using Whirlpool to increase privacy and fungiblilty your doing it wrong. Get your hands on a @SamouraiWallet,_—_","Sentiment(polarity=-0.5, subjectivity=0.9)",0,4,7/17/19 10:10,,,,,,,,,,,,,,,,,,,,,,,,,,,,
"Strong bounce off the support for bitcoin/alt coin dominance, everyone remembers what happened the last time that h_—_ https://t.co/wxltHJoSkP","Sentiment(polarity=0.21666666666666665, subjectivity=0.39999999999999997)",0,0,7/17/19 10:10,,,,,,,,,,,,,,,,,,,,,,,,,,,,
"Bitcoin BTC Current Price:$9,719.331 Hour: -0.34 % | 24 Hours: -2.57 % | 7 Days: -21.87 %#btc #bitcoin","Sentiment(polarity=0.0, subjectivity=0.4)",0,0,7/17/19 10:10,,,,,,,,,,,,,,,,,,,,,,,,,,,,
Se dispara el precio por declaraciones del Secretario del Tesoro de EE.UU. sobre Bitcoin y Libra_—_ https://t.co/UlBEyQjN4p,"Sentiment(polarity=0.0, subjectivity=0.0)",0,0,7/17/19 10:10,,,,,,,,,,,,,,,,,,,,,,,,,,,,
"RT @btcturk: _èç B’_y’_k g’_n BUG’“N!1 kiÅ™inin 1 Bitcoin'lik rekor ’_d’_l kazanacaó™ó± @hadioyna yaró±Å™masó±na hazó±r mó±só±n?Kató±lmak i’_in _™•ö https://t._—_","Sentiment(polarity=0.0, subjectivity=0.0)",0,8,7/17/19 10:10,,,,,,,,,,,,,,,,,,,,,,,,,,,,
"Top 5 #cryptocurrencies  Alert Time: 2019-07-17 20:10:02#Bitcoin: $9,700.426#Ethereum: $212.841#XRP: $0.319_—_ https://t.co/Gc85KMtS6G","Sentiment(polarity=0.5, subjectivity=0.5)",0,0,7/17/19 10:10,,,,,,,,,,,,,,,,,,,,,,,,,,,,
"RT @Rhythmtrader: The Fed Chair recently said, ""digital currencies replacing central bank currencies, I think we are a long way from that.""_—_","Sentiment(polarity=-0.0125, subjectivity=0.225)",0,36,7/17/19 10:10,,,,,,,,,,,,,,,,,,,,,,,,,,,,
"Monero [XMR] se convierte en la Altcoin preferida de la Dark Web#Monero #XMR #ZCash #ZEC #Bitcoin #BTC_—_ https://t.co/QIgH5X2D82","Sentiment(polarity=-0.15, subjectivity=0.4)",0,0,7/17/19 10:10,,,,,,,,,,,,,,,,,,,,,,,,,,,,
https://t.co/TcPFMl6hgl,"Sentiment(polarity=0.0, subjectivity=0.0)",0,0,7/17/19 10:10,,,,,,,,,,,,,,,,,,,,,,,,,,,,
RT @muratcantekee: Aó_LATAN Å_EHóçT SOSYAL DENEYóç TAKSóçCóçLERE (PARAMIZ YOK BóçZóç G’_T’“R’“R M’“S’“N?) https://t.co/TiGL4WyRwK PAYLAÅ_ARAK DESTEK OLAB_—_,"Sentiment(polarity=0.0, subjectivity=0.0)",0,1,7/17/19 10:13,,,,,,,,,,,,,,,,,,,,,,,,,,,,
"RT @barrysilbert: We are one step closer to bitcoin mining being deemed by U.S. government as Critical InfrastructureGov't will then try_—_","Sentiment(polarity=0.0, subjectivity=0.8)",0,373,7/17/19 10:13,,,,,,,,,,,,,,,,,,,,,,,,,,,,
"RT @JWilliamsFstmed: If you think the following countries haven_—Èt tried to hack Bitcoin you don_—Èt understand Bitcoin. 1. The United State_—_","Sentiment(polarity=0.0, subjectivity=0.1)",0,100,7/17/19 10:13,,,,,,,,,,,,,,,,,,,,,,,,,,,,
Another Canadian Town to Accept Bitcoin Payments For Property Taxes https://t.co/JJ0c7I6JlF,"Sentiment(polarity=0.0, subjectivity=0.0)",0,0,7/17/19 10:13,,,,,,,,,,,,,,,,,,,,,,,,,,,,
"By the sound of this guy, the $USD can be printed and is backed by the ink and paper it_—Ès printed on. That_—Ès pretty_—_ https://t.co/FRfZCx8KoB","Sentiment(polarity=0.4, subjectivity=0.4)",0,0,7/17/19 10:13,,,,,,,,,,,,,,,,,,,,,,,,,,,,
"#bitcoinLittle tip, I look for large buy orders on big runs at resistance and in this case short term support we s_—_ https://t.co/6XJcVpIKk3","Sentiment(polarity=0.0066964285714285685, subjectivity=0.3321428571428572)",0,0,7/17/19 10:13,,,,,,,,,,,,,,,,,,,,,,,,,,,,
"RT @maxkeiser: _—“You can_—Èt kill #Bitcoin_—ù Exactly correct. Furthermore, per the Game Theory baked into the protocol, you can never get en_—_","Sentiment(polarity=-0.07500000000000001, subjectivity=0.325)",0,67,7/17/19 10:13,,,,,,,,,,,,,,,,,,,,,,,,,,,,
Libra_—Ès So Terrifying It_—Ès Making Congress Suddenly Embrace Bitcoin https://t.co/mGWuGajz67 https://t.co/s6kYQ5YctS,"Sentiment(polarity=-0.5, subjectivity=0.75)",0,0,7/17/19 10:13,,,,,,,,,,,,,,,,,,,,,,,,,,,,
RT @Pladizow: Frederick Hayek predicts Bitcoin in 1984 https://t.co/co58XcLcAX,"Sentiment(polarity=0.0, subjectivity=0.0)",0,201,7/17/19 10:13,,,,,,,,,,,,,,,,,,,,,,,,,,,,
"RT @KuboLink: Who is winning? Looks like it is $KUBOLast 7 Days:BTC down 25.87%_Œö´ÙèETH down 33.44%_Œö´ÙèKUBO up 75%_™…ç#bitcoin #cryptocurren_—_","Sentiment(polarity=0.047222222222222214, subjectivity=0.34861111111111115)",0,20,7/17/19 10:13,,,,,,,,,,,,,,,,,,,,,,,,,,,,
"RT @NeutroProtocol: Explain it to me like I_—Èm 14_—_ and I know how Bitcoin works.A breakdown of the yellow paper - ""Reaching a Consensus Reg_—_","Sentiment(polarity=0.0, subjectivity=0.0)",0,109,7/17/19 10:13,,,,,,,,,,,,,,,,,,,,,,,,,,,,
"Massage vip in dubaiGood services incall or outcallMy WhatsApp +971556293010#bitcoin  https://t.co/ADJ777Ts1D_—_ https://t.co/h7QWxbPaUa","Sentiment(polarity=0.7, subjectivity=0.6000000000000001)",0,0,7/17/19 10:13,,,,,,,,,,,,,,,,,,,,,,,,,,,,
RT @TraceMayer: Looks like US Congressman @patrickmchenry understands geo-strategic &amp; national security implications of 'unstoppable' #Bitcäó_,"Sentiment(polarity=0.0, subjectivity=0.0)",0,12,7/17/19 10:14,,,,,,,,,,,,,,,,,,,,,,,,,,,,
RT @CharlieShrem: I have to say I'm so impressed with the level of knowledge of crypto from US Congressman and Congresswomen. They understaäó_,"Sentiment(polarity=1.0, subjectivity=1.0)",0,152,7/17/19 10:14,,,,,,,,,,,,,,,,,,,,,,,,,,,,
"RT @Rhythmtrader: Don't be fooled. ä_æ¥ŸèThe same arguments against bitcoin can be used against cash.Cash can't be tracked.Cash is used byäó_","Sentiment(polarity=0.0, subjectivity=0.125)",0,32,7/17/19 10:14,,,,,,,,,,,,,,,,,,,,,,,,,,,,
RT @APompliano: It would be amazing if someone held up a äóìBuy Bitcoin!äóù sign during the Facebook hearings _ôî«,"Sentiment(polarity=0.7500000000000001, subjectivity=0.9)",0,254,7/17/19 10:14,,,,,,,,,,,,,,,,,,,,,,,,,,,,
"RT @eraser: A First Look at the Crypto-Mining Malware Ecosystem: A Decade of Unrestricted WealthSergio Pastrana &amp; Guillermo Suarez-Tangiläó_","Sentiment(polarity=0.25, subjectivity=0.3333333333333333)",0,1,7/17/19 10:14,,,,,,,,,,,,,,,,,,,,,,,,,,,,
@realDonaldTrump #bitcoin is American!,"Sentiment(polarity=0.0, subjectivity=0.0)",0,0,7/17/19 10:14,,,,,,,,,,,,,,,,,,,,,,,,,,,,
"BNB Token Now Listed on BQT Exchange - https://t.co/jor9ajvUh6#Bitcoin #Crypto #News https://t.co/7tW3q36zqH","Sentiment(polarity=0.0, subjectivity=0.0)",0,0,7/17/19 10:14,,,,,,,,,,,,,,,,,,,,,,,,,,,,
RT @CharlieShrem: I have to say I'm so impressed with the level of knowledge of crypto from US Congressman and Congresswomen. They understaäó_,"Sentiment(polarity=1.0, subjectivity=1.0)",0,152,7/17/19 10:14,,,,,,,,,,,,,,,,,,,,,,,,,,,,
"RT @cz_binance: So basically, congressmen are: bullish on bitcoin, just not so hot on Libra. Feeling pitiful for the guys who sold yesteräó_","Sentiment(polarity=0.25, subjectivity=0.8500000000000001)",0,55,7/17/19 10:14,,,,,,,,,,,,,,,,,,,,,,,,,,,,
"RT @CryptoMento: äù„¥Ÿè $BTC CHART UPDATEäù„¥ŸèThese are the two scenarios Iäó»m eyeing #bitcoin https://t.co/FI958za2sh","Sentiment(polarity=0.0, subjectivity=0.0)",0,11,7/17/19 10:14,,,,,,,,,,,,,,,,,,,,,,,,,,,,
Bitcoin Price Analysis July 17th 19 #BitcoinNews #bitcoinpriceanalysis #PriceAnalysis https://t.co/cpHRVWlXsG https://t.co/t35nGx7CXN,"Sentiment(polarity=0.0, subjectivity=0.0)",0,0,7/17/19 10:14,,,,,,,,,,,,,,,,,,,,,,,,,,,,
@QWxleA @GoogleStadia There's already many options for playing stream games,"Sentiment(polarity=0.5, subjectivity=0.5)",0,0,7/17/19 10:14,,,,,,,,,,,,,,,,,,,,,,,,,,,,
"RT @NanoGiveaways: _ô_Å$1000 Bitcoin Giveaway_ô_Å_ôñ±1 WinnerHow To Enter:-Retweet -Follow Me (Notifications On)-Comment äóìBäóù When DoneEndsäó_","Sentiment(polarity=0.0, subjectivity=0.0)",0,68,7/17/19 10:14,,,,,,,,,,,,,,,,,,,,,,,,,,,,
"#Entrepreneurs, could a few small tweaks double or triple the value of your company? Find out with this free assessäó_ https://t.co/BEv8Lsjapn","Sentiment(polarity=-0.012499999999999997, subjectivity=0.325)",0,0,7/17/19 10:14,,,,,,,,,,,,,,,,,,,,"RT @NativeOfVA: Automate the Crypto trading life using Coinbase and Slack API's --  https://t.co/z1Djn8FIWu#crypto #cryptocurrency #Coinb‰Û_","Sentiment(polarity=0.0, subjectivity=0.0)",0,7,02:33.1,,,,
"RT @mentorange: Bitcoin price prediction 2020#bitcoin #Crypto","Sentiment(polarity=0.0, subjectivity=0.0)",0,3,7/17/19 14:02,,,,,,,,,,,,,,,,,,,,,,,,,,,,
RT @alistairmilne: MFW the US regulators prefer decentralised cryptocurrencies like Bitcoin to privatised rip offs https://t.co/aUJ2J1q0J9,"Sentiment(polarity=0.0, subjectivity=0.0)",0,17,7/17/19 14:02,,,,,,,,,,,,,,,,,,,,,,,,,,,,
RT @CharlieShrem: I have to say I'm so impressed with the level of knowledge of crypto from US Congressman and Congresswomen. They understa‰Û_,"Sentiment(polarity=1.0, subjectivity=1.0)",0,305,7/17/19 14:02,,,,,,,,,,,,,,,,,,,,,,,,,,,,
Need to grow ur bitcoin wallet fast kindly visits https://t.co/lUKt1EpFVV https://t.co/v6zr0kRsoz,"Sentiment(polarity=0.4, subjectivity=0.75)",0,0,7/17/19 14:02,,,,,,,,,,,,,,,,,,,,,,,,,,,,
RT @XSNofficial: Part of building an Interchain Economy is ensuring that everyone taking part in providing the infrastructure that it runs‰Û_,"Sentiment(polarity=0.0, subjectivity=0.0)",0,46,7/17/19 14:02,,,,,,,,,,,,,,,,,,,,,,,,,,,,
"$ETHBuy at #Itbit-SGD and sell at #Cryptosa-TRY. Ratio: 0.43%Buy at #Cryptosa-USDT and sell at #Cryptosa-TRY. Rat‰Û_ https://t.co/5PIH2L6Sah","Sentiment(polarity=0.0, subjectivity=0.0)",0,0,7/17/19 14:02,,,,,,,,,,,,,,,,,,,,,,,,,,,,
"RT @hodlonaut: Congressman Davidson just called non Bitcoin cryptos ""shitcoins""","Sentiment(polarity=0.0, subjectivity=0.0)",0,81,7/17/19 14:02,,,,,,,,,,,,,,,,,,,,,,,,,,,,
"@TheCryptoDog Good, more time to buy #link then_ÙÒö_Ù_Û https://t.co/s7xKDToHlo","Sentiment(polarity=0.6, subjectivity=0.55)",0,0,7/17/19 14:02,,,,,,,,,,,,,,,,,,,,,,,,,,,,
"RT @CedricMakes: Not to FUD but it seems like another financial crisis is coming, this time starting in Corporate Debt. Smart friends think‰Û_","Sentiment(polarity=0.05357142857142857, subjectivity=0.18571428571428572)",0,2,7/17/19 14:02,,,,,,,,,,,,,,,,,,,,,,,,,,,,
"RT @SirToshiTV: This is huge. He's talking about the Bitcoin White Paper &amp; people building. The ONLY building taking place is on BSV!!!Bit‰Û_","Sentiment(polarity=0.13333333333333336, subjectivity=0.6333333333333333)",0,10,7/17/19 14:02,,,,,,,,,,,,,,,,,,,,,,,,,,,,
_ÏÛŒ__50ŒÛç‹ÄÂ‹Äê‹ÄÂ‹ÄÄ‹âü_È¨_Ä__Û_è_¬Œè_Œ_¥_äÛ‹Äà‹Ä»‹ÄÒ‹ÄÄ‹Äö‹Å¨BTC‹â»‹ÄÑ‹âá‹Ä_‹Ä_Œè_Œ_¥_Ç÷_Û±__Ò‹â¢‹ÄÄ‹ÄÑ‹Äà‹Ä_‹Äö•_ö5_Ïö17_Ñ´•_ä-‹â_‹â_‹Ä_‹Ä ‹ÄÂ‹â¡‹Ä©‹Ä¥‹ÄÈ‹âü‹Ä£‹ÄÔ‹Ä_•_ö‹ÄÒ‹ÄÄ‹Äö‹â_‹â_‹Ä_‹ÛÅ_È¨_Ä__Û_è_¬‹ÛÅ‹Ä_‹Ä_‹ÄÄ‹âø‹ÄÅ‹â_‹Ä_‹Ä_‹Å¨‹ÄÜ‹Ä´‹Ä_‹â_•_ähttps://t.co/dGigZp6z2T‰Û_ https://t.co/19XzoQ40Nc,"Sentiment(polarity=0.0, subjectivity=0.0)",0,0,7/17/19 14:02,,,,,,,,,,,,,,,,,,,,,,,,,,,,
@PatrickBerzai @corypchajek @tictoc @AOC @davidmarcus Bitcoin is coded to have a supply cap of 21 million coins. It‰Û_ https://t.co/c4MSpYswH9,"Sentiment(polarity=0.0, subjectivity=0.0)",0,0,7/17/19 14:02,,,,,,,,,,,,,,,,,,,,,,,,,,,,
"RT @MartyBent: After today, I think it‰Ûªs pretty safe to say we have some Fifth Pillar actors in favor of Bitcoin within the US government.‰Û_","Sentiment(polarity=0.375, subjectivity=0.75)",0,13,7/17/19 14:02,,,,,,,,,,,,,,,,,,,,,,,,,,,,
"RT @bitFlyer: 7 _Ïö 17 _Ñ´ 18 _ªâ 00 Œö ‹Å¨‹ÄÒ‹ÄÄ‹Äö‹â_‹â_‹Ä___Á_Ê_‹Åø 1,034,073 Œ  ‹Å_‹Åª‹Ûâhttps://t.co/qAFVXQuEwc  ‰ÛÈ_È¨_Ä__Û_è_¬‹Å¨ç_üŒÊ«‹ÅøŒ__‹Åç‹ÅèŒ_äŒÜ¥‹Åª‹âÜŒÊ«Œêö‹ÅÎ‹ÅÓ‹Å_‹Åã‹Å_‹Åª‹Ûâ__ªè£¥‹âÕ‹ââ‹Å£‹ÅÙ‹Å_Œè_Œ_¥‹Åç‹âÕ‹Å_ŒÜ_‹âÅ‹ÅÑ‹Å_‹Å_‹â_‹Å_‹Åª‹Ûâ‹Å_Œè_Œ_¥‹Åç‹Å¨___‹Åø‹ÅÒ‹ÅÁ‹âä‹âÕ‰Û_","Sentiment(polarity=0.0, subjectivity=0.0)",0,4,7/17/19 14:02,,,,,,,,,,,,,,,,,,,,,,,,"RT @murthaburke: #MurthaBurke #CryptoClarifications! @thecollectivegoSomething seems fishy about this bull run. https://t.co/ftWpQk2R6Oâ€_","Sentiment(polarity=0.0, subjectivity=0.0)",0,49,08:42.5
"RT @NeutroProtocol: This is why we're better.#blockchain #cryptocurrency #bitcoin #ethereum #ripple #EOS #TRON #Cardano #monero #tezos htâ€_","Sentiment(polarity=0.5, subjectivity=0.5)",0,26,7/17/19 14:08,,,,,,,,,,,,,,,,,,,,,,,,,,,,
How The Banks Bought Bitcoin | Lightning Network https://t.co/BtmWthaPCy,"Sentiment(polarity=0.0, subjectivity=0.0)",0,0,7/17/19 14:08,,,,,,,,,,,,,,,,,,,,,,,,,,,,
"This is a project that has high esteem and value their community, it was worth it as i have invested so much on it,â€_ https://t.co/HiUaXYlZb4","Sentiment(polarity=0.21999999999999997, subjectivity=0.27999999999999997)",0,0,7/17/19 14:08,,,,,,,,,,,,,,,,,,,,,,,,,,,,
"Study Finds Bitcoinâ€™s Most Volatile from Midnight to 1 A.M. (UTC) - https://t.co/8eqG21qcdb #bitcoin #btcâ€_ https://t.co/CB8pJorFEP","Sentiment(polarity=0.5, subjectivity=0.5)",0,0,7/17/19 14:08,,,,,,,,,,,,,,,,,,,,,,,,,,,,
"RT @CNBCPolitics: ""With Bitcoin, there is no CEO. You can't send a letter or send somebody in for a hearing,"" @APompliano explained Trump'sâ€_","Sentiment(polarity=0.0, subjectivity=0.0)",0,8,7/17/19 14:08,,,,,,,,,,,,,,,,,,,,,,,,,,,,
"The first 3 stages of bitcoin:1) What is bitcoin?2) Why bitcoin?3) How does bitcoin work?","Sentiment(polarity=0.25, subjectivity=0.3333333333333333)",0,0,7/17/19 14:08,,,,,,,,,,,,,,,,,,,,,,,,,,,,
RT @katherineykwu: So many moments from this week in DC around Facebook/ Libra/ Bitcoin/Crypto have felt utterly surreal and emotional to mâ€_,"Sentiment(polarity=0.25, subjectivity=0.7166666666666667)",0,3,7/17/19 14:08,,,,,,,,,,,,,,,,,,,,,,,,,,,,
Bitcoin is Financial Freedom! https://t.co/FMNoPvNjRy,"Sentiment(polarity=0.0, subjectivity=0.0)",0,0,7/17/19 14:08,,,,,,,,,,,,,,,,,,,,,,,,,,,,
"RT @SquawkCNBC: ""I think there's no capacity to kill bitcoin"" says @PatrickMcHenry #btc https://t.co/DY70tx2TvV","Sentiment(polarity=0.0, subjectivity=0.0)",0,749,7/17/19 14:08,,,,,,,,,,,,,,,,,,,,,,,,,,,,
"RT @MartyBent: After today, I think itâ€™s pretty safe to say we have some Fifth Pillar actors in favor of Bitcoin within the US government.â€_","Sentiment(polarity=0.375, subjectivity=0.75)",0,14,7/17/19 14:08,,,,,,,,,,,,,,,,,,,,,,,,,,,,
Congressman Patrick McHenry on Bitcoin and Satoshi Nakamoto - 07/17/2019 https://t.co/u8uoaG15jf,"Sentiment(polarity=0.0, subjectivity=0.0)",0,0,7/17/19 14:08,,,,,,,,,,,,,,,,,,,,,,,,,,,,
Mapping the Major Bitcoin Forks https://t.co/ZCDGjLpECg,"Sentiment(polarity=0.0625, subjectivity=0.5)",0,0,7/17/19 14:08,,,,,,,,,,,,,,,,,,,,,,,,,,,,
"RT @BankXRP: Colloquially between Bitcoin &amp; Shitcoin#btc #Crypto #cryptocurrency https://t.co/pOC4UvQVNY","Sentiment(polarity=0.0, subjectivity=0.0)",0,24,7/17/19 14:08,,,,,,,,,,,,,,,,,,,,,,,,,,,,
"RT @hodlonaut: When driving a car, you will quickly get rekt if you focus your eyes immediately ahead of you. You need to look way down theâ€_","Sentiment(polarity=0.08888888888888886, subjectivity=0.3944444444444445)",0,127,7/17/19 14:08,,,,,,,,,,,,,,,,,,,,,,,,,,,,